{
  "requirements": [
    {
      "bonus": false,
      "description": "1 - Crie um endpoint para o cadastro de produtos",
      "enabled": true,
      "identifier": null,
      "order": 1,
      "skill_ids": []
    },
    {
      "bonus": false,
      "description": "2 - Crie um endpoint para a listagem de produtos",
      "enabled": true,
      "identifier": null,
      "order": 2,
      "skill_ids": []
    },
    {
      "bonus": false,
      "description": "3 - Crie um endpoint para listar todos os pedidos",
      "enabled": true,
      "identifier": null,
      "order": 3,
      "skill_ids": []
    },
    {
      "bonus": false,
      "description": "4 - Crie um endpoint para o login de pessoas usuárias",
      "enabled": true,
      "identifier": null,
      "order": 4,
      "skill_ids": []
    },
    {
      "bonus": false,
      "description": "5 - Crie as validações para as produtos",
      "enabled": true,
      "identifier": null,
      "order": 5,
      "skill_ids": []
    },
    {
      "bonus": true,
      "description": "6 - Crie um endpoint para o cadastro de um pedido",
      "enabled": true,
      "identifier": null,
      "order": 6,
      "skill_ids": []
    }
  ]
}